aluguel,condominio,endereco,id,imobiliaria,iptu,link,metragem,num_quartos,num_vagas_garagem,pagina,titulo_anuncio
   R$ 1.600, R$ 412 ,"Rua Procópio Manoel Pires - Trindade, Florianópolis - SC",2493249879,, R$ 63 ,https://www.vivareal.com.br/imovel/apartamento-2-quartos-trindade-bairros-florianopolis-com-garagem-63m2-aluguel-RS1600-id-2493249879/,63,2,1,Vivareal,"  Apartamento com 2 Quartos para Alugar, 63 m² por R$ 1.600/Mês  "
   R$ 1.200, Não informado ,"Servidão do Palmeiras, 165 - Itacorubi, Florianópolis - SC",2490117180,,,https://www.vivareal.com.br/imovel/apartamento-1-quartos-itacorubi-bairros-florianopolis-20m2-aluguel-RS1200-id-2490117180/?__vt=lgpd:b,20,1,,Vivareal,"  Apartamento com 1 Quarto para Alugar, 20 m² por R$ 1.200/Mês  "
   R$ 2.800, R$ 412 ,"Rua Lauro Linhares, 1600 - Trindade, Florianópolis - SC",2494074673,, R$ 117 ,https://www.vivareal.com.br/imovel/apartamento-2-quartos-trindade-bairros-florianopolis-com-garagem-72m2-aluguel-RS2800-id-2494074673/?__vt=lgpd:b,72,2,1,Vivareal,"  Apartamento com 2 Quartos para Alugar, 72 m² por R$ 2.800/Mês  "
   R$ 14.000, R$ 4.128 ,"Rodovia José Carlos Daux, 5500 - Saco Grande, Florianópolis - SC",2494001507,, R$ 1.200 ,https://www.vivareal.com.br/imovel/sala-comercial-saco-grande-bairros-florianopolis-com-garagem-320m2-aluguel-RS14000-id-2494001507/?__vt=lgpd:b,320,,8,Vivareal,"  Sala Comercial para Alugar, 320 m² por R$ 14.000/Mês  "
   R$ 900, Não informado ,"Servidão Novo Horizonte - Vargem do Bom Jesus, Florianópolis - SC",2484503902,,,https://www.vivareal.com.br/imovel/apartamento-1-quartos-vargem-do-bom-jesus-bairros-florianopolis-30m2-aluguel-RS900-id-2484503902/?__vt=lgpd:b,30,1,,Vivareal,"  Apartamento com 1 Quarto para Alugar, 30 m² por R$ 900/Mês  "
   R$ 2.000, R$ 250 ,"Rua Dante de Patta, 577 - Ingleses do Rio Vermelho, Florianópolis - SC",2491598636,, R$ 130 ,https://www.vivareal.com.br/imovel/apartamento-3-quartos-ingleses-do-rio-vermelho-bairros-florianopolis-com-garagem-95m2-aluguel-RS2000-id-2491598636/?__vt=lgpd:b,95,3,1,Vivareal,"  Apartamento com 3 Quartos para Alugar, 95 m² por R$ 2.000/Mês  "
   R$ 2.200, R$ 572 ,"Rodovia Amaro Antônio Vieira - Itacorubi, Florianópolis - SC",2493248996,, R$ 68 ,https://www.vivareal.com.br/imovel/apartamento-3-quartos-itacorubi-bairros-florianopolis-com-garagem-74m2-aluguel-RS2200-id-2493248996/?__vt=lgpd:b,74,3,1,Vivareal,"  Apartamento com 3 Quartos para Alugar, 74 m² por R$ 2.200/Mês  "
   R$ 1.800, R$ 330 ,"Rua Crispim Mira, 405 - Centro, Florianópolis - SC",2487789777,, R$ 2.400 ,https://www.vivareal.com.br/imovel/ponto-comercial-centro-bairros-florianopolis-com-garagem-43m2-aluguel-RS1800-id-2487789777/?__vt=lgpd:b,43,,1,Vivareal,"  Ponto Comercial para Alugar, 43 m² por R$ 1.800/Mês  "
   R$ 1.000, R$ 250 ,"Rua Santa Luzia - Trindade, Florianópolis - SC",2495465000,, R$ 500 ,https://www.vivareal.com.br/imovel/sala-comercial-trindade-bairros-florianopolis-com-garagem-28m2-aluguel-RS1000-id-2495465000/?__vt=lgpd:b,28,,1,Vivareal,"  Sala Comercial para Alugar, 28 m² por R$ 1.000/Mês  "
   R$ 1.700, R$ 560 ,"Avenida Madre Benvenuta, 411 - Trindade, Florianópolis - SC",2487454745,, R$ 132 ,https://www.vivareal.com.br/imovel/apartamento-3-quartos-trindade-bairros-florianopolis-com-garagem-85m2-aluguel-RS1700-id-2487454745/?__vt=lgpd:b,85,3,1,Vivareal,"  Apartamento com 3 Quartos para Alugar, 85 m² por R$ 1.700/Mês  "
   R$ 1.900, R$ 521 ,"Itacorubi, Florianópolis - SC",2489699135,, R$ 76 ,https://www.vivareal.com.br/imovel/apartamento-2-quartos-itacorubi-bairros-florianopolis-com-garagem-86m2-aluguel-RS1900-id-2489699135/?__vt=lgpd:b,86,2,1,Vivareal,"  Apartamento com 2 Quartos para Alugar, 86 m² por R$ 1.900/Mês  "
   R$ 2.670, R$ 419 ,"Rodovia João Paulo - Joao Paulo, Florianópolis - SC",2493246613,, R$ 65 ,https://www.vivareal.com.br/imovel/apartamento-2-quartos-joao-paulo-bairros-florianopolis-com-garagem-83m2-aluguel-RS2670-id-2493246613/?__vt=lgpd:b,83,2,1,Vivareal,"  Apartamento com 2 Quartos para Alugar, 83 m² por R$ 2.670/Mês  "
   R$ 300.000, R$ 271 ,"Rua Cônego Bernardo, 36 - Trindade, Florianópolis - SC",2485702308,, R$ 130 ,https://www.vivareal.com.br/imovel/sala-comercial-trindade-bairros-florianopolis-35m2-aluguel-RS300000-id-2485702308/?__vt=lgpd:b,35,,,Vivareal,"  Sala Comercial para Alugar, 35 m² por R$ 300.000/Mês  "
   R$ 2.550, R$ 775 ,"Rua das Moreias, 599 - Jurerê, Florianópolis - SC",2487386346,, R$ 141 ,https://www.vivareal.com.br/imovel/apartamento-2-quartos-jurere-bairros-florianopolis-com-garagem-94m2-aluguel-RS2550-id-2487386346/?__vt=lgpd:b,94,2,1,Vivareal,"  Apartamento com 2 Quartos para Alugar, 94 m² por R$ 2.550/Mês  "
   R$ 800,,"Avenida Governador Jorge Lacerda - Costeira do Pirajubaé, Florianópolis - SC",2493249783,, R$ 55 ,https://www.vivareal.com.br/imovel/kitnet-1-quartos-costeira-do-pirajubae-bairros-florianopolis-com-garagem-35m2-aluguel-RS800-id-2493249783/?__vt=lgpd:b,35,1,1,Vivareal,"  Kitnet com 1 Quarto para Alugar, 35 m² por R$ 800/Mês  "
   R$ 550, Não informado ,"Rua Madre Maria Vilac, 584 - Canasvieiras, Florianópolis - SC",2496418773,,,https://www.vivareal.com.br/imovel/casa-de-condominio-2-quartos-canasvieiras-bairros-florianopolis-com-garagem-80m2-aluguel-RS550-id-2496418773/?__vt=lgpd:b,80,2,2,Vivareal,"  Casa de Condomínio com 2 Quartos para Alugar, 80 m² por R$ 550/Dia  "
   R$ 990, R$ 385 ,"Avenida Marinheiro Max Schramm - Estreito, Florianópolis - SC",2493249707,, R$ 46 ,https://www.vivareal.com.br/imovel/apartamento-2-quartos-estreito-bairros-florianopolis-com-garagem-48m2-aluguel-RS990-id-2493249707/?__vt=lgpd:b,48,2,1,Vivareal,"  Apartamento com 2 Quartos para Alugar, 48 m² por R$ 990/Mês  "
   R$ 1.290, Não informado ,"Rua Francisco Anastácio Pires - Trindade, Florianópolis - SC",2495068986,,,https://www.vivareal.com.br/imovel/apartamento-2-quartos-trindade-bairros-florianopolis-35m2-aluguel-RS1290-id-2495068986/?__vt=lgpd:b,35,2,,Vivareal,"  Apartamento com 2 Quartos para Alugar, 35 m² por R$ 1.290/Mês  "
   R$ 2.599, Não informado ,"Avenida dos Búzios, 1136 - Jurerê Internacional, Florianópolis - SC",2479056290,,,https://www.vivareal.com.br/imovel/casa-5-quartos-jurere-internacional-bairros-florianopolis-com-garagem-300m2-aluguel-RS2599-id-2479056290/?__vt=lgpd:b,300,5,3,Vivareal,"  Casa com 5 Quartos para Alugar, 300 m² por R$ 2.599/Dia  "
   R$ 1.250, R$ 320 ,"Rua Jornalista Tito Carvalho, 155 - Trindade, Florianópolis - SC",2492603519,, R$ 63 ,https://www.vivareal.com.br/imovel/apartamento-1-quartos-trindade-bairros-florianopolis-com-garagem-54m2-aluguel-RS1250-id-2492603519/?__vt=lgpd:b,54,1,1,Vivareal,"  Apartamento com 1 Quarto para Alugar, 54 m² por R$ 1.250/Mês  "
   R$ 2.299, Não informado ,"Rodovia Francisco Magno Vieira, 2826 - Rio Tavares, Florianópolis - SC",2481318992,,,https://www.vivareal.com.br/imovel/ponto-comercial-rio-tavares-bairros-florianopolis-85m2-aluguel-RS2299-id-2481318992/?__vt=lgpd:b,85,,,Vivareal,"  Ponto Comercial para Alugar, 85 m² por R$ 2.299/Mês  "
   R$ 1.500, R$ 437 ,"Rua Deputado Antônio Edu Vieira - Pantanal, Florianópolis - SC",2493249797,, R$ 85 ,https://www.vivareal.com.br/imovel/apartamento-2-quartos-pantanal-bairros-florianopolis-com-garagem-68m2-aluguel-RS1500-id-2493249797/?__vt=lgpd:b,68,2,1,Vivareal,"  Apartamento com 2 Quartos para Alugar, 68 m² por R$ 1.500/Mês  "
   R$ 8.800, R$ 3.569 ,"Centro, Florianópolis - SC",2489701576,, R$ 1.133 ,https://www.vivareal.com.br/imovel/apartamento-4-quartos-centro-bairros-florianopolis-com-garagem-352m2-aluguel-RS8800-id-2489701576/?__vt=lgpd:b,352,4,3,Vivareal,"  Apartamento com 4 Quartos para Alugar, 352 m² por R$ 8.800/Mês  "
   R$ 950,,"Rua José Xavier da Rosa - Carianos, Florianópolis - SC",2493249706,, R$ 8 ,https://www.vivareal.com.br/imovel/kitnet-1-quartos-carianos-bairros-florianopolis-com-garagem-27m2-aluguel-RS950-id-2493249706/?__vt=lgpd:b,27,1,1,Vivareal,"  Kitnet com 1 Quarto para Alugar, 27 m² por R$ 950/Mês  "
   R$ 1.450, R$ 487 ,"Rua Deputado Antônio Edu Vieira - Pantanal, Florianópolis - SC",2493246808,, R$ 34 ,https://www.vivareal.com.br/imovel/apartamento-1-quartos-pantanal-bairros-florianopolis-com-garagem-47m2-aluguel-RS1450-id-2493246808/?__vt=lgpd:b,47,1,1,Vivareal,"  Apartamento com 1 Quarto para Alugar, 47 m² por R$ 1.450/Mês  "
   R$ 1.200, R$ 700 ,"Rua Araújo Figueiredo, 119 - Centro, Florianópolis - SC",2449077303,, R$ 1.470 ,https://www.vivareal.com.br/imovel/sala-comercial-centro-bairros-florianopolis-com-garagem-3580m2-aluguel-RS1200-id-2449077303/?__vt=lgpd:b,3580,,1,Vivareal,"  Sala Comercial para Alugar, 3580 m² por R$ 1.200/Mês  "
   R$ 1.850, R$ 714 ,"Rua General Valgas Neves - Estreito, Florianópolis - SC",2493249788,, R$ 95 ,https://www.vivareal.com.br/imovel/apartamento-2-quartos-estreito-bairros-florianopolis-com-garagem-72m2-aluguel-RS1850-id-2493249788/?__vt=lgpd:b,72,2,1,Vivareal,"  Apartamento com 2 Quartos para Alugar, 72 m² por R$ 1.850/Mês  "
   R$ 1.600, R$ 579 ,"Avenida Mauro Ramos, 278 - Centro, Florianópolis - SC",2495984708,, R$ 124 ,https://www.vivareal.com.br/imovel/apartamento-2-quartos-centro-bairros-florianopolis-com-garagem-65m2-aluguel-RS1600-id-2495984708/?__vt=lgpd:b,65,2,1,Vivareal,"  Apartamento com 2 Quartos para Alugar, 65 m² por R$ 1.600/Mês  "
   R$ 3.500, Não informado ,"Rua Intendente João Nunes Vieira, 51 - Praia dos Ingleses, Florianópolis - SC",2490039080,,,https://www.vivareal.com.br/imovel/apartamento-3-quartos-praia-dos-ingleses-bairros-florianopolis-com-garagem-110m2-aluguel-RS3500-id-2490039080/?__vt=lgpd:b,110,3,1,Vivareal,"  Apartamento com 3 Quartos para Alugar, 110 m² por R$ 3.500/Mês  "
   R$ 720, Não informado ,"Rua Libia Cruz - Estreito, Florianópolis - SC",2487189684,,,https://www.vivareal.com.br/imovel/ponto-comercial-estreito-bairros-florianopolis-com-garagem-42m2-aluguel-RS720-id-2487189684/?__vt=lgpd:b,42,,1,Vivareal,"  Ponto Comercial para Alugar, 42 m² por R$ 720/Mês  "
   R$ 595, R$ 79 ,"Rua Oge Fortkamp, 226 - Trindade, Florianópolis - SC",2496141208,,,https://www.vivareal.com.br/imovel/kitnet-1-quartos-trindade-bairros-florianopolis-20m2-aluguel-RS595-id-2496141208/?__vt=lgpd:b,20,1,,Vivareal,"  Kitnet com 1 Quarto para Alugar, 20 m² por R$ 595/Mês  "
   R$ 1.400, R$ 463 ,"Avenida Desembargador Vítor Lima, 155 - Trindade, Florianópolis - SC",2494178435,, R$ 74 ,https://www.vivareal.com.br/imovel/apartamento-2-quartos-trindade-bairros-florianopolis-com-garagem-70m2-aluguel-RS1400-id-2494178435/?__vt=lgpd:b,70,2,1,Vivareal,"  Apartamento com 2 Quartos para Alugar, 70 m² por R$ 1.400/Mês  "
   R$ 1.750, R$ 178 ,"Rua João Pio Duarte Silva, 264 - Córrego Grande, Florianópolis - SC",2485099090,, R$ 50 ,https://www.vivareal.com.br/imovel/apartamento-1-quartos-corrego-grande-bairros-florianopolis-36m2-aluguel-RS1750-id-2485099090/?__vt=lgpd:b,36,1,,Vivareal,"  Apartamento com 1 Quarto para Alugar, 36 m² por R$ 1.750/Mês  "
   R$ 1.596, R$ 309 ,"Rua Douglas Seabra Levier - Trindade, Florianópolis - SC",2493248196,, R$ 26 ,https://www.vivareal.com.br/imovel/kitnet-1-quartos-trindade-bairros-florianopolis-com-garagem-31m2-aluguel-RS1596-id-2493248196/?__vt=lgpd:b,31,1,1,Vivareal,"  Kitnet com 1 Quarto para Alugar, 31 m² por R$ 1.596/Mês  "
   R$ 1.200, R$ 150 ,"Rua Graciliano Manoel Gomes, 25 - Ingleses do Rio Vermelho, Florianópolis - SC",2494690885,, R$ 720 ,https://www.vivareal.com.br/imovel/apartamento-2-quartos-ingleses-do-rio-vermelho-bairros-florianopolis-com-garagem-64m2-aluguel-RS1200-id-2494690885/?__vt=lgpd:b,64,2,1,Vivareal,"  Apartamento com 2 Quartos para Alugar, 64 m² por R$ 1.200/Mês  "
   R$ 4.500,,"Servidão Elpídio da Rocha - Rio Tavares, Florianópolis - SC",2496154959,, R$ 129 ,https://www.vivareal.com.br/imovel/casa-3-quartos-rio-tavares-bairros-florianopolis-com-garagem-150m2-aluguel-RS4500-id-2496154959/?__vt=lgpd:b,150,3,2,Vivareal,"  Casa com 3 Quartos para Alugar, 150 m² por R$ 4.500/Mês  "
   R$ 1.100, R$ 388 ,"Rua Padre Marcelino Champagnat - Jardim Atlântico, Florianópolis - SC",2493248195,, R$ 49 ,https://www.vivareal.com.br/imovel/apartamento-2-quartos-jardim-atlantico-bairros-florianopolis-70m2-aluguel-RS1100-id-2493248195/?__vt=lgpd:b,70,2,,Vivareal,"  Apartamento com 2 Quartos para Alugar, 70 m² por R$ 1.100/Mês  "
   R$ 1.500, Não informado ,"Rua Leonel Pereira, 396A - Cachoeira do Bom Jesus, Florianópolis - SC",2494819083,,,https://www.vivareal.com.br/imovel/apartamento-2-quartos-cachoeira-do-bom-jesus-bairros-florianopolis-com-garagem-55m2-aluguel-RS1500-id-2494819083/?__vt=lgpd:b,55,2,1,Vivareal,"  Apartamento com 2 Quartos para Alugar, 55 m² por R$ 1.500/Mês  "
   R$ 2.000, R$ 520 ,"Rua Lauro Linhares, 1390 - Trindade, Florianópolis - SC",2494650108,, R$ 98 ,https://www.vivareal.com.br/imovel/apartamento-1-quartos-trindade-bairros-florianopolis-com-garagem-38m2-aluguel-RS2000-id-2494650108/?__vt=lgpd:b,38,1,1,Vivareal,"  Apartamento com 1 Quarto para Alugar, 38 m² por R$ 2.000/Mês  "
   R$ 1.467, R$ 786 ,"Rua Trajano, 217 - Centro, Florianópolis - SC",2484865531,,,https://www.vivareal.com.br/imovel/ponto-comercial-1-quartos-centro-bairros-florianopolis-12m2-aluguel-RS1467-id-2484865531/?__vt=lgpd:b,12,1,,Vivareal,"  Ponto Comercial com 1 Quarto para Alugar, 12 m² por R$ 1.467/Mês  "
   R$ 3.050, R$ 1.000 ,"Rua Alves de Brito, 77 - Centro, Florianópolis - SC",2473236751,, R$ 300 ,https://www.vivareal.com.br/imovel/apartamento-3-quartos-centro-bairros-florianopolis-com-garagem-160m2-aluguel-RS3050-id-2473236751/?__vt=lgpd:b,160,3,1,Vivareal,"  Apartamento com 3 Quartos para Alugar, 160 m² por R$ 3.050/Mês  "
   R$ 3.000, R$ 750 ,"Avenida Madre Benvenuta - Trindade, Florianópolis - SC",2493247216,, R$ 117 ,https://www.vivareal.com.br/imovel/apartamento-3-quartos-trindade-bairros-florianopolis-com-garagem-82m2-aluguel-RS3000-id-2493247216/?__vt=lgpd:b,82,3,2,Vivareal,"  Apartamento com 3 Quartos para Alugar, 82 m² por R$ 3.000/Mês  "
   R$ 500,,"Estreito, Florianópolis - SC",2481318788,, R$ 35 ,https://www.vivareal.com.br/imovel/casa-2-quartos-estreito-bairros-florianopolis-com-garagem-50m2-aluguel-RS500-id-2481318788/?__vt=lgpd:b,50,2,1,Vivareal,"  Casa com 2 Quartos para Alugar, 50 m² por R$ 500/Mês  "
   R$ 6.000,,"Rua Osvaldo Calixto de Lima - Joao Paulo, Florianópolis - SC",2427728632,, R$ 200 ,https://www.vivareal.com.br/imovel/casa-3-quartos-joao-paulo-bairros-florianopolis-com-garagem-350m2-aluguel-RS6000-id-2427728632/?__vt=lgpd:b,350,3,3,Vivareal,"  Casa com 3 Quartos para Alugar, 350 m² por R$ 6.000/Mês  "
   R$ 1.300, R$ 320 ,"Rua Europa - Trindade, Florianópolis - SC",2494929485,, R$ 100 ,https://www.vivareal.com.br/imovel/apartamento-2-quartos-trindade-bairros-florianopolis-com-garagem-65m2-aluguel-RS1300-id-2494929485/?__vt=lgpd:b,65,2,1,Vivareal,"  Apartamento com 2 Quartos para Alugar, 65 m² por R$ 1.300/Mês  "
   R$ 3.100, R$ 392 ,"Rua Almirante Lamego, 1100 - Centro, Florianópolis - SC",2494514879,, R$ 479 ,https://www.vivareal.com.br/imovel/apartamento-3-quartos-centro-bairros-florianopolis-com-garagem-143m2-aluguel-RS3100-id-2494514879/?__vt=lgpd:b,143,3,1,Vivareal,"  Apartamento com 3 Quartos para Alugar, 143 m² por R$ 3.100/Mês  "
   R$ 3.000, Não informado ,"Rodovia João Paulo, 145 - Joao Paulo, Florianópolis - SC",2481299397,,,https://www.vivareal.com.br/imovel/galpao-deposito-armazem-joao-paulo-bairros-florianopolis-com-garagem-72m2-aluguel-RS3000-id-2481299397/?__vt=lgpd:b,72,,2,Vivareal,"  Galpão/Depósito/Armazém para Alugar, 72 m² por R$ 3.000/Mês  "
   R$ 1.200.000   , R$ 450 ,"Rua dos Chernes, 45 - Jurerê, Florianópolis - SC",2490669679,, R$ 2.000 ,https://www.vivareal.com.br/imovel/apartamento-2-quartos-jurere-bairros-florianopolis-com-garagem-100m2-venda-RS1200000-id-2490669679/?__vt=lgpd:b,100,2,2,Vivareal,"  Apartamento com 2 Quartos à Venda, 100 m² por R$ 1.200.000  "
   R$ 2.800, R$ 370 ,"Campeche, Florianópolis - SC",2493353938,, R$ 170 ,https://www.vivareal.com.br/imovel/apartamento-2-quartos-campeche-bairros-florianopolis-com-garagem-71m2-aluguel-RS2800-id-2493353938/?__vt=lgpd:b,71,2,2,Vivareal,"  Apartamento com 2 Quartos para Alugar, 71 m² por R$ 2.800/Mês  "
   R$ 1.800, R$ 359 ,"Itacorubi, Florianópolis - SC",2484775742,, R$ 130 ,https://www.vivareal.com.br/imovel/apartamento-2-quartos-itacorubi-bairros-florianopolis-com-garagem-70m2-aluguel-RS1800-id-2484775742/?__vt=lgpd:b,70,2,1,Vivareal,"  Apartamento com 2 Quartos para Alugar, 70 m² por R$ 1.800/Mês  "
   R$ 2.900.000   , Não informado ,"Avenida das Lagostas, 87 - Jurerê Internacional, Florianópolis - SC",2479055062,,,https://www.vivareal.com.br/imovel/casa-7-quartos-jurere-internacional-bairros-florianopolis-com-garagem-390m2-venda-RS2900000-id-2479055062/?__vt=lgpd:b,390,7,4,Vivareal,"  Casa com 7 Quartos à Venda, 390 m² por R$ 2.900.000  "
   R$ 3.500, R$ 1.400 ,"Rua Fernando Ferreira de Mello, 204 - Bom Abrigo, Florianópolis - SC",2493213679,, R$ 1.054 ,https://www.vivareal.com.br/imovel/cobertura-4-quartos-bom-abrigo-bairros-florianopolis-com-garagem-222m2-aluguel-RS3500-id-2493213679/?__vt=lgpd:b,222,4,2,Vivareal,"  Cobertura com 4 Quartos para Alugar, 222 m² por R$ 3.500/Mês  "
   R$ 731.000   , Não informado ,"Avenida Mauro Ramos, 1970 - Centro, Florianópolis - SC",2492291800,,,https://www.vivareal.com.br/imovel/sala-comercial-centro-bairros-florianopolis-41m2-venda-RS731000-id-2492291800/?__vt=lgpd:b,41,,,Vivareal,"  Sala Comercial à Venda, 41 m² por R$ 731.000  "
   R$ 1.750, R$ 290 ,"Rua José João Martendal - Carvoeira, Florianópolis - SC",2493248735,, R$ 74 ,https://www.vivareal.com.br/imovel/apartamento-2-quartos-carvoeira-bairros-florianopolis-com-garagem-68m2-aluguel-RS1750-id-2493248735/?__vt=lgpd:b,68,2,1,Vivareal,"  Apartamento com 2 Quartos para Alugar, 68 m² por R$ 1.750/Mês  "
   R$ 1.300,,"Rodovia Doutor Antônio Luiz Moura Gonzaga, 35 - Barra da Lagoa, Florianópolis - SC",2492636080,, R$ 50 ,https://www.vivareal.com.br/imovel/apartamento-1-quartos-barra-da-lagoa-bairros-florianopolis-com-garagem-60m2-aluguel-RS1300-id-2492636080/?__vt=lgpd:b,60,1,1,Vivareal,"  Apartamento com 1 Quarto para Alugar, 60 m² por R$ 1.300/Mês  "
   R$ 15.000, Não informado ,"Rodovia Francisco Magno Vieira, 1421 - Campeche, Florianópolis - SC",2492386690,,,https://www.vivareal.com.br/imovel/ponto-comercial-campeche-bairros-florianopolis-com-garagem-300m2-aluguel-RS15000-id-2492386690/?__vt=lgpd:b,300,,12,Vivareal,"  Ponto Comercial para Alugar, 300 m² por R$ 15.000/Mês  "
   R$ 1.300, R$ 338 ,"Rua Lauro Linhares - Trindade, Florianópolis - SC",2493249795,, R$ 67 ,https://www.vivareal.com.br/imovel/apartamento-1-quartos-trindade-bairros-florianopolis-com-garagem-46m2-aluguel-RS1300-id-2493249795/?__vt=lgpd:b,46,1,1,Vivareal,"  Apartamento com 1 Quarto para Alugar, 46 m² por R$ 1.300/Mês  "
   R$ 900, R$ 320 ,"Rua Doutor Abel Capela - Coqueiros, Florianópolis - SC",2490412616,, R$ 60 ,https://www.vivareal.com.br/imovel/apartamento-1-quartos-coqueiros-bairros-florianopolis-com-garagem-41m2-aluguel-RS900-id-2490412616/?__vt=lgpd:b,41,1,1,Vivareal,"  Apartamento com 1 Quarto para Alugar, 41 m² por R$ 900/Mês  "
   R$ 3.990, R$ 1.221 ,"Avenida Professor Othon Gama D'Eça - Centro, Florianópolis - SC",2483650176,, R$ 2.444 ,https://www.vivareal.com.br/imovel/apartamento-3-quartos-centro-bairros-florianopolis-com-garagem-110m2-aluguel-RS3990-id-2483650176/?__vt=lgpd:b,110,3,1,Vivareal,"  Apartamento com 3 Quartos para Alugar, 110 m² por R$ 3.990/Mês  "
   R$ 1.890.000   , R$ 1.123 ,"Rua João Meirelles, 1415 - Abraão, Florianópolis - SC",2492711908,,,https://www.vivareal.com.br/imovel/apartamento-3-quartos-abraao-bairros-florianopolis-com-garagem-184m2-venda-RS1890000-id-2492711908/?__vt=lgpd:b,184,3,3,Vivareal,"  Apartamento com 3 Quartos à Venda, 184 m² por R$ 1.890.000  "
   R$ 550, Não informado ,"Rua Madre Maria Vilac, 584 - Canasvieiras, Florianópolis - SC",2496418780,,,https://www.vivareal.com.br/imovel/casa-de-condominio-2-quartos-canasvieiras-bairros-florianopolis-com-garagem-90m2-aluguel-RS550-id-2496418780/?__vt=lgpd:b,90,2,2,Vivareal,"  Casa de Condomínio com 2 Quartos para Alugar, 90 m² por R$ 550/Dia  "
   R$ 1.650, R$ 320 ,"Rua das Gaivotas - Ingleses do Rio Vermelho, Florianópolis - SC",2495068101,, R$ 101 ,https://www.vivareal.com.br/imovel/apartamento-2-quartos-ingleses-do-rio-vermelho-bairros-florianopolis-com-garagem-63m2-aluguel-RS1650-id-2495068101/?__vt=lgpd:b,63,2,1,Vivareal,"  Apartamento com 2 Quartos para Alugar, 63 m² por R$ 1.650/Mês  "
   R$ 2.600, R$ 500 ,"Rua da Capela, 493 - Campeche, Florianópolis - SC",2494190578,, R$ 80 ,https://www.vivareal.com.br/imovel/apartamento-2-quartos-campeche-bairros-florianopolis-com-garagem-76m2-aluguel-RS2600-id-2494190578/?__vt=lgpd:b,76,2,1,Vivareal,"  Apartamento com 2 Quartos para Alugar, 76 m² por R$ 2.600/Mês  "
   R$ 1.890, R$ 580 ,"Rua Dante de Patta, 155 - Ingleses Norte, Florianópolis - SC",2492062475,,,https://www.vivareal.com.br/imovel/apartamento-2-quartos-ingleses-norte-bairros-florianopolis-com-garagem-70m2-aluguel-RS1890-id-2492062475/?__vt=lgpd:b,70,2,1,Vivareal,"  Apartamento com 2 Quartos para Alugar, 70 m² por R$ 1.890/Mês  "
   R$ 8.000.000   ,,"Rua dos Tambaquis, 165 - Jurerê Internacional, Florianópolis - SC",2490670780,, R$ 7.000 ,https://www.vivareal.com.br/imovel/casa-6-quartos-jurere-internacional-bairros-florianopolis-com-garagem-1200m2-venda-RS8000000-id-2490670780/?__vt=lgpd:b,1200,6,4,Vivareal,"  Casa com 6 Quartos à Venda, 1200 m² por R$ 8.000.000  "
   R$ 5.000,,"Rua Conselheiro Mafra, 477 - Centro, Florianópolis - SC",2492832979,, R$ 385 ,https://www.vivareal.com.br/imovel/ponto-comercial-centro-bairros-florianopolis-166m2-aluguel-RS5000-id-2492832979/?__vt=lgpd:b,166,,,Vivareal,"  Ponto Comercial para Alugar, 166 m² por R$ 5.000/Mês  "
   R$ 5.800, Não informado ,"Rua Rita Lourenço da Silveira, 225 - Lagoa da Conceição, Florianópolis - SC",2480816017,,,https://www.vivareal.com.br/imovel/casa-3-quartos-lagoa-da-conceicao-bairros-florianopolis-com-garagem-150m2-aluguel-RS5800-id-2480816017/?__vt=lgpd:b,150,3,2,Vivareal,"  Casa com 3 Quartos para Alugar, 150 m² por R$ 5.800/Mês  "
   R$ 1.400.000   , Não informado ,"Rua Desembargador Ferreira Bastos - Coqueiros, Florianópolis - SC",2492007704,,,https://www.vivareal.com.br/imovel/casa-4-quartos-coqueiros-bairros-florianopolis-com-garagem-280m2-venda-RS1400000-id-2492007704/?__vt=lgpd:b,280,4,4,Vivareal,"  Casa com 4 Quartos à Venda, 280 m² por R$ 1.400.000  "
   R$ 2.150, R$ 63 ,"Centro, Florianópolis - SC",2489481743,, R$ 75 ,https://www.vivareal.com.br/imovel/ponto-comercial-centro-bairros-florianopolis-25m2-aluguel-RS2150-id-2489481743/?__vt=lgpd:b,25,,,Vivareal,"  Ponto Comercial para Alugar, 25 m² por R$ 2.150/Mês  "
   R$ 290.000   , R$ 350 ,"Rua Patrício Farias, 55 - Itacorubi, Florianópolis - SC",2495501696,, R$ 715 ,https://www.vivareal.com.br/imovel/sala-comercial-itacorubi-bairros-florianopolis-37m2-venda-RS290000-id-2495501696/?__vt=lgpd:b,37,,,Vivareal,"  Sala Comercial à Venda, 37 m² por R$ 290.000  "
   R$ 1.600, R$ 150 ,"Rua João Motta Espezim, 840 - Saco dos Limões, Florianópolis - SC",2486120597,,,https://www.vivareal.com.br/imovel/apartamento-1-quartos-saco-dos-limoes-bairros-florianopolis-com-garagem-24m2-aluguel-RS1600-id-2486120597/?__vt=lgpd:b,24,1,1,Vivareal,"  Apartamento com 1 Quarto para Alugar, 24 m² por R$ 1.600/Mês  "
   R$ 2.600.000   , Não informado ,"Rua das Sapopemas - Jurerê, Florianópolis - SC",2492406888,,,https://www.vivareal.com.br/imovel/casa-4-quartos-jurere-bairros-florianopolis-com-garagem-280m2-venda-RS2600000-id-2492406888/?__vt=lgpd:b,280,4,2,Vivareal,"  Casa com 4 Quartos à Venda, 280 m² por R$ 2.600.000  "
   R$ 13.600.000   ,,"Rua Joaquim Carneiro, 508 - Capoeiras, Florianópolis - SC",2437800701,, R$ 21.214 ,https://www.vivareal.com.br/imovel/galpao-deposito-armazem-capoeiras-bairros-florianopolis-6060m2-venda-RS13600000-id-2437800701/?__vt=lgpd:b,6060,,,Vivareal,"  Galpão/Depósito/Armazém à Venda, 6060 m² por R$ 13.600.000  "
   R$ 1.800, R$ 407 ,"Rua Lauro Linhares - Trindade, Florianópolis - SC",2493249876,, R$ 69 ,https://www.vivareal.com.br/imovel/apartamento-2-quartos-trindade-bairros-florianopolis-com-garagem-65m2-aluguel-RS1800-id-2493249876/?__vt=lgpd:b,65,2,1,Vivareal,"  Apartamento com 2 Quartos para Alugar, 65 m² por R$ 1.800/Mês  "
   R$ 1.400, R$ 430 ,"Rua Duarte Schutel - Centro, Florianópolis - SC",2493248739,, R$ 32 ,https://www.vivareal.com.br/imovel/kitnet-1-quartos-centro-bairros-florianopolis-28m2-aluguel-RS1400-id-2493248739/?__vt=lgpd:b,28,1,,Vivareal,"  Kitnet com 1 Quarto para Alugar, 28 m² por R$ 1.400/Mês  "
   R$ 1.550, R$ 420 ,"Rua João Motta Espezim - Saco dos Limões, Florianópolis - SC",2493249101,, R$ 122 ,https://www.vivareal.com.br/imovel/apartamento-2-quartos-saco-dos-limoes-bairros-florianopolis-com-garagem-119m2-aluguel-RS1550-id-2493249101/?__vt=lgpd:b,119,2,1,Vivareal,"  Apartamento com 2 Quartos para Alugar, 119 m² por R$ 1.550/Mês  "
   R$ 1.020, R$ 495 ,"Rua Capitão Romualdo de Barros, 965 - Carvoeira, Florianópolis - SC",2492435936,, R$ 110 ,https://www.vivareal.com.br/imovel/apartamento-2-quartos-carvoeira-bairros-florianopolis-com-garagem-60m2-aluguel-RS1020-id-2492435936/?__vt=lgpd:b,60,2,1,Vivareal,"  Apartamento com 2 Quartos para Alugar, 60 m² por R$ 1.020/Mês  "
   R$ 1.519.000   , Não informado ,"Rua Desembargador Arno Hoeschl, 290 - Centro, Florianópolis - SC",2492289081,,,https://www.vivareal.com.br/imovel/apartamento-2-quartos-centro-bairros-florianopolis-com-garagem-70m2-venda-RS1519000-id-2492289081/?__vt=lgpd:b,70,2,2,Vivareal,"  Apartamento com 2 Quartos à Venda, 70 m² por R$ 1.519.000  "
   R$ 3.200,,"Servidão Ernesto Amaro Vieira, 95 - Jardim Atlântico, Florianópolis - SC",2490137332,, R$ 395 ,https://www.vivareal.com.br/imovel/galpao-deposito-armazem-jardim-atlantico-bairros-florianopolis-432m2-aluguel-RS3200-id-2490137332/?__vt=lgpd:b,432,,,Vivareal,"  Galpão/Depósito/Armazém para Alugar, 432 m² por R$ 3.200/Mês  "
   R$ 2.800, R$ 530 ,"Rua Manoel Isidoro da Silveira - Lagoa da Conceição, Florianópolis - SC",2495927102,, R$ 1.120 ,https://www.vivareal.com.br/imovel/cobertura-2-quartos-lagoa-da-conceicao-bairros-florianopolis-com-garagem-128m2-aluguel-RS2800-id-2495927102/?__vt=lgpd:b,128,2,1,Vivareal,"  Cobertura com 2 Quartos para Alugar, 128 m² por R$ 2.800/Mês  "
   R$ 1.800, R$ 450 ,"Rua Adolfo Gonçalves de Aguiar, 161 - Itacorubi, Florianópolis - SC",2495459019,, R$ 118 ,https://www.vivareal.com.br/imovel/apartamento-2-quartos-itacorubi-bairros-florianopolis-com-garagem-71m2-aluguel-RS1800-id-2495459019/?__vt=lgpd:b,71,2,1,Vivareal,"  Apartamento com 2 Quartos para Alugar, 71 m² por R$ 1.800/Mês  "
   R$ 3.950, R$ 1.400 ,"Avenida Jornalista Rubens de Arruda Ramos - Centro, Florianópolis - SC",2495544074,, R$ 260 ,https://www.vivareal.com.br/imovel/apartamento-2-quartos-centro-bairros-florianopolis-com-garagem-100m2-aluguel-RS3950-id-2495544074/?__vt=lgpd:b,100,2,1,Vivareal,"  Apartamento com 2 Quartos para Alugar, 100 m² por R$ 3.950/Mês  "
   R$ 1.450, Não informado ,"Trindade, Florianópolis - SC",2495187384,,,https://www.vivareal.com.br/imovel/apartamento-1-quartos-trindade-bairros-florianopolis-com-garagem-48m2-aluguel-RS1450-id-2495187384/?__vt=lgpd:b,48,1,1,Vivareal,"  Apartamento com 1 Quarto para Alugar, 48 m² por R$ 1.450/Mês  "
   R$ 1.450, Não informado ,"Rua das Gaivotas, 86 - Ingleses Norte, Florianópolis - SC",2480367697,,,https://www.vivareal.com.br/imovel/apartamento-2-quartos-ingleses-norte-bairros-florianopolis-com-garagem-80m2-aluguel-RS1450-id-2480367697/?__vt=lgpd:b,80,2,1,Vivareal,"  Apartamento com 2 Quartos para Alugar, 80 m² por R$ 1.450/Mês  "
   R$ 3.840, Não informado ,"Rua Libia Cruz - Estreito, Florianópolis - SC",2487188847,,,https://www.vivareal.com.br/imovel/ponto-comercial-estreito-bairros-florianopolis-com-garagem-235m2-aluguel-RS3840-id-2487188847/?__vt=lgpd:b,235,,1,Vivareal,"  Ponto Comercial para Alugar, 235 m² por R$ 3.840/Mês  "
   R$ 520.000   , R$ 700 ,"Rua Quilombo - Itacorubi, Florianópolis - SC",2488754109,,,https://www.vivareal.com.br/imovel/apartamento-2-quartos-itacorubi-bairros-florianopolis-com-garagem-68m2-venda-RS520000-id-2488754109/?__vt=lgpd:b,68,2,1,Vivareal,"  Apartamento com 2 Quartos à Venda, 68 m² por R$ 520.000  "
   R$ 2.800.000   , Não informado ,"Jurerê, Florianópolis - SC",2495370921,,,https://www.vivareal.com.br/imovel/casa-5-quartos-jurere-bairros-florianopolis-com-garagem-350m2-venda-RS2800000-id-2495370921/?__vt=lgpd:b,350,5,4,Vivareal,"  Casa com 5 Quartos à Venda, 350 m² por R$ 2.800.000  "
   R$ 3.800, R$ 650 ,"Avenida Madre Benvenuta - Santa Mônica, Florianópolis - SC",2489610504,, R$ 190 ,https://www.vivareal.com.br/imovel/apartamento-3-quartos-santa-monica-bairros-florianopolis-com-garagem-90m2-aluguel-RS3800-id-2489610504/?__vt=lgpd:b,90,3,2,Vivareal,"  Apartamento com 3 Quartos para Alugar, 90 m² por R$ 3.800/Mês  "
   R$ 900, R$ 280 ,"Servidão Manoel Alves Cabral, 190 - Ingleses do Rio Vermelho, Florianópolis - SC",2480411816,,,https://www.vivareal.com.br/imovel/apartamento-1-quartos-ingleses-do-rio-vermelho-bairros-florianopolis-com-garagem-50m2-aluguel-RS900-id-2480411816/?__vt=lgpd:b,50,1,1,Vivareal,"  Apartamento com 1 Quarto para Alugar, 50 m² por R$ 900/Mês  "
   R$ 610.000   , R$ 1.000 ,"Joao Paulo, Florianópolis - SC",2494621687,, R$ 642 ,https://www.vivareal.com.br/imovel/apartamento-2-quartos-joao-paulo-bairros-florianopolis-com-garagem-75m2-venda-RS610000-id-2494621687/?__vt=lgpd:b,75,2,2,Vivareal,"  Apartamento com 2 Quartos à Venda, 75 m² por R$ 610.000  "
   R$ 3.500, R$ 513 ,"Rodovia Amaro Antônio Vieira - Itacorubi, Florianópolis - SC",2494249194,, R$ 120 ,https://www.vivareal.com.br/imovel/apartamento-3-quartos-itacorubi-bairros-florianopolis-com-garagem-99m2-aluguel-RS3500-id-2494249194/?__vt=lgpd:b,99,3,1,Vivareal,"  Apartamento com 3 Quartos para Alugar, 99 m² por R$ 3.500/Mês  "
   R$ 1.790, R$ 700 ,"Rua João Meirelles, 1435 - Abraão, Florianópolis - SC",2492876614,,,https://www.vivareal.com.br/imovel/apartamento-2-quartos-abraao-bairros-florianopolis-com-garagem-76m2-aluguel-RS1790-id-2492876614/?__vt=lgpd:b,76,2,2,Vivareal,"  Apartamento com 2 Quartos para Alugar, 76 m² por R$ 1.790/Mês  "
   R$ 2.900, R$ 800 ,"Rua Frei Caneca, 160 - Agronômica, Florianópolis - SC",2494254184,,,https://www.vivareal.com.br/imovel/apartamento-1-quartos-agronomica-bairros-florianopolis-com-garagem-55m2-aluguel-RS2900-id-2494254184/?__vt=lgpd:b,55,1,1,Vivareal,"  Apartamento com 1 Quarto para Alugar, 55 m² por R$ 2.900/Mês  "
   R$ 7.000,,"Rua Antônio Mattos Areas, 593 - Balneário, Florianópolis - SC",2490262297,, R$ 170 ,https://www.vivareal.com.br/imovel/casa-3-quartos-balneario-bairros-florianopolis-com-garagem-480m2-aluguel-RS7000-id-2490262297/?__vt=lgpd:b,480,3,4,Vivareal,"  Casa com 3 Quartos para Alugar, 480 m² por R$ 7.000/Mês  "
   R$ 800, R$ 660 ,"Rua Henrique Véra do Nascimento, 240 - Lagoa da Conceição, Florianópolis - SC",2492109177,, R$ 2.000 ,https://www.vivareal.com.br/imovel/ponto-comercial-lagoa-da-conceicao-bairros-florianopolis-30m2-aluguel-RS800-id-2492109177/?__vt=lgpd:b,30,,,Vivareal,"  Ponto Comercial para Alugar, 30 m² por R$ 800/Mês  "
   R$ 30.000, Não informado ,"Avenida Prefeito Osmar Cunha, 217 - Centro, Florianópolis - SC",2493164857,,,https://www.vivareal.com.br/imovel/imovel-comercial-centro-bairros-florianopolis-217m2-aluguel-RS30000-id-2493164857/?__vt=lgpd:b,217,,,Vivareal,"  Imóvel Comercial para Alugar, 217 m² por R$ 30.000/Mês  "
   R$ 1.590, R$ 350 ,"Rua Lídio Manoel Coelho, 110 - Ingleses do Rio Vermelho, Florianópolis - SC",2495482242,,,https://www.vivareal.com.br/imovel/apartamento-2-quartos-ingleses-do-rio-vermelho-bairros-florianopolis-com-garagem-60m2-aluguel-RS1590-id-2495482242/?__vt=lgpd:b,60,2,1,Vivareal,"  Apartamento com 2 Quartos para Alugar, 60 m² por R$ 1.590/Mês  "
   R$ 1.250, Não informado ,"Rua Vereador Osni Ortiga, 2037 - Lagoa da Conceição, Florianópolis - SC",2494364078,,,https://www.vivareal.com.br/imovel/apartamento-1-quartos-lagoa-da-conceicao-bairros-florianopolis-com-garagem-40m2-aluguel-RS1250-id-2494364078/?__vt=lgpd:b,40,1,2,Vivareal,"  Apartamento com 1 Quarto para Alugar, 40 m² por R$ 1.250/Mês  "
   R$ 1.000, R$ 485 ,"Rua Fernando Machado - Centro, Florianópolis - SC",2493246616,, R$ 59 ,https://www.vivareal.com.br/imovel/apartamento-1-quartos-centro-bairros-florianopolis-com-garagem-32m2-aluguel-RS1000-id-2493246616/?__vt=lgpd:b,32,1,1,Vivareal,"  Apartamento com 1 Quarto para Alugar, 32 m² por R$ 1.000/Mês  "
   R$ 2.000, R$ 565 ,"Trindade, Florianópolis - SC",2490068749,, R$ 316 ,https://www.vivareal.com.br/imovel/apartamento-3-quartos-trindade-bairros-florianopolis-com-garagem-85m2-aluguel-RS2000-id-2490068749/?__vt=lgpd:b,85,3,2,Vivareal,"  Apartamento com 3 Quartos para Alugar, 85 m² por R$ 2.000/Mês  "
   R$ 5.500, R$ 650 ,"Rua Henrique Bruggemann, 97 - Centro, Florianópolis - SC",2493585240,, R$ 176 ,https://www.vivareal.com.br/imovel/apartamento-3-quartos-centro-bairros-florianopolis-com-garagem-94m2-aluguel-RS5500-id-2493585240/?__vt=lgpd:b,94,3,2,Vivareal,"  Apartamento com 3 Quartos para Alugar, 94 m² por R$ 5.500/Mês  "
   R$ 1.050, R$ 450 ,"Rua Desembargador Pedro Silva, 2202 - Coqueiros, Florianópolis - SC",2490116687,, R$ 542 ,https://www.vivareal.com.br/imovel/apartamento-2-quartos-coqueiros-bairros-florianopolis-com-garagem-44m2-aluguel-RS1050-id-2490116687/?__vt=lgpd:b,44,2,1,Vivareal,"  Apartamento com 2 Quartos para Alugar, 44 m² por R$ 1.050/Mês  "
   R$ 1.800,,"Travessa Leopoldo João Santos, 69 - Lagoa da Conceição, Florianópolis - SC",2486307476,, R$ 130 ,https://www.vivareal.com.br/imovel/apartamento-2-quartos-lagoa-da-conceicao-bairros-florianopolis-com-garagem-80m2-aluguel-RS1800-id-2486307476/?__vt=lgpd:b,80,2,1,Vivareal,"  Apartamento com 2 Quartos para Alugar, 80 m² por R$ 1.800/Mês  "
   R$ 1.300, R$ 580 ,"Rodovia Admar Gonzaga - Itacorubi, Florianópolis - SC",2493248741,, R$ 111 ,https://www.vivareal.com.br/imovel/apartamento-2-quartos-itacorubi-bairros-florianopolis-com-garagem-60m2-aluguel-RS1300-id-2493248741/?__vt=lgpd:b,60,2,1,Vivareal,"  Apartamento com 2 Quartos para Alugar, 60 m² por R$ 1.300/Mês  "
   R$ 2.800, R$ 480 ,"Rua Irmão Joaquim, 226 - Centro, Florianópolis - SC",2483999273,, R$ 100 ,https://www.vivareal.com.br/imovel/apartamento-1-quartos-centro-bairros-florianopolis-com-garagem-50m2-aluguel-RS2800-id-2483999273/?__vt=lgpd:b,50,1,1,Vivareal,"  Apartamento com 1 Quarto para Alugar, 50 m² por R$ 2.800/Mês  "
   R$ 1.300, R$ 235 ,"Rua Dário Manoel Cardoso, 2662 - Ingleses do Rio Vermelho, Florianópolis - SC",2488092884,,,https://www.vivareal.com.br/imovel/apartamento-2-quartos-ingleses-do-rio-vermelho-bairros-florianopolis-com-garagem-70m2-aluguel-RS1300-id-2488092884/?__vt=lgpd:b,70,2,1,Vivareal,"  Apartamento com 2 Quartos para Alugar, 70 m² por R$ 1.300/Mês  "
   R$ 5.800, R$ 1.100 ,"Rua Pastor William Richard Schisler Filho - Itacorubi, Florianópolis - SC",2494678661,, R$ 66.019 ,https://www.vivareal.com.br/imovel/ponto-comercial-itacorubi-bairros-florianopolis-com-garagem-196m2-aluguel-RS5800-id-2494678661/?__vt=lgpd:b,196,,2,Vivareal,"  Ponto Comercial para Alugar, 196 m² por R$ 5.800/Mês  "
   R$ 400, Não informado ,"Rua Antônio Heil, 605 - Canasvieiras, Florianópolis - SC",2496148934,,,https://www.vivareal.com.br/imovel/apartamento-1-quartos-canasvieiras-bairros-florianopolis-45m2-aluguel-RS400-id-2496148934/?__vt=lgpd:b,45,1,,Vivareal,"  Apartamento com 1 Quarto para Alugar, 45 m² por R$ 400/Dia  "
   R$ 1.400, Não informado ,"Rua do Alecrim, 352 - Monte Verde, Florianópolis - SC",2492319293,,,https://www.vivareal.com.br/imovel/apartamento-2-quartos-monte-verde-bairros-florianopolis-com-garagem-50m2-aluguel-RS1400-id-2492319293/?__vt=lgpd:b,50,2,1,Vivareal,"  Apartamento com 2 Quartos para Alugar, 50 m² por R$ 1.400/Mês  "
   R$ 1.600, R$ 530 ,"Rua Luiz Oscar de Carvalho - Trindade, Florianópolis - SC",2493246809,, R$ 51 ,https://www.vivareal.com.br/imovel/apartamento-3-quartos-trindade-bairros-florianopolis-com-garagem-75m2-aluguel-RS1600-id-2493246809/?__vt=lgpd:b,75,3,1,Vivareal,"  Apartamento com 3 Quartos para Alugar, 75 m² por R$ 1.600/Mês  "
   R$ 2.440, R$ 725 ,"Rua Heitor Luz, 69 - Centro, Florianópolis - SC",2491698773,, R$ 1.589 ,https://www.vivareal.com.br/imovel/apartamento-3-quartos-centro-bairros-florianopolis-com-garagem-101m2-aluguel-RS2440-id-2491698773/?__vt=lgpd:b,101,3,1,Vivareal,"  Apartamento com 3 Quartos para Alugar, 101 m² por R$ 2.440/Mês  "
   R$ 2.700,,"Rua do Gramal - Campeche, Florianópolis - SC",2493246548,, R$ 67 ,https://www.vivareal.com.br/imovel/apartamento-4-quartos-campeche-bairros-florianopolis-com-garagem-120m2-aluguel-RS2700-id-2493246548/?__vt=lgpd:b,120,4,1,Vivareal,"  Apartamento com 4 Quartos para Alugar, 120 m² por R$ 2.700/Mês  "
   R$ 645, R$ 64 ,"Rua das Alamandas, 79 - Carvoeira, Florianópolis - SC",2496151625,,,https://www.vivareal.com.br/imovel/kitnet-1-quartos-carvoeira-bairros-florianopolis-18m2-aluguel-RS645-id-2496151625/?__vt=lgpd:b,18,1,,Vivareal,"  Kitnet com 1 Quarto para Alugar, 18 m² por R$ 645/Mês  "
   R$ 1.250, R$ 301 ,"Avenida Desembargador Vítor Lima - Trindade, Florianópolis - SC",2493249709,, R$ 21 ,https://www.vivareal.com.br/imovel/kitnet-1-quartos-trindade-bairros-florianopolis-37m2-aluguel-RS1250-id-2493249709/?__vt=lgpd:b,37,1,,Vivareal,"  Kitnet com 1 Quarto para Alugar, 37 m² por R$ 1.250/Mês  "
   R$ 6.000, R$ 175 ,"Campeche, Florianópolis - SC",2492130555,, R$ 181 ,https://www.vivareal.com.br/imovel/casa-de-condominio-4-quartos-campeche-bairros-florianopolis-com-garagem-182m2-aluguel-RS6000-id-2492130555/?__vt=lgpd:b,182,4,3,Vivareal,"  Casa de Condomínio com 4 Quartos para Alugar, 182 m² por R$ 6.000/Mês  "
   R$ 10.000, R$ 6.894 ,"Rua Francisco Tolentino, 800 - Centro, Florianópolis - SC",2485916011,,,https://www.vivareal.com.br/imovel/sala-comercial-centro-bairros-florianopolis-685m2-aluguel-RS10000-id-2485916011/?__vt=lgpd:b,685,,,Vivareal,"  Sala Comercial para Alugar, 685 m² por R$ 10.000/Mês  "
   R$ 1.545.000   , Não informado ,"Rua Presidente Nereu Ramos, 160 - Centro, Florianópolis - SC",2492288401,,,https://www.vivareal.com.br/imovel/apartamento-2-quartos-centro-bairros-florianopolis-com-garagem-77m2-venda-RS1545000-id-2492288401/?__vt=lgpd:b,77,2,2,Vivareal,"  Apartamento com 2 Quartos à Venda, 77 m² por R$ 1.545.000  "
   R$ 1.950, R$ 978 ,"Rua João Pio Duarte Silva - Córrego Grande, Florianópolis - SC",2493246821,, R$ 105 ,https://www.vivareal.com.br/imovel/apartamento-3-quartos-corrego-grande-bairros-florianopolis-com-garagem-113m2-aluguel-RS1950-id-2493246821/?__vt=lgpd:b,113,3,2,Vivareal,"  Apartamento com 3 Quartos para Alugar, 113 m² por R$ 1.950/Mês  "
   R$ 1.600, Não informado ,"Rodovia Doutor Antônio Luiz Moura Gonzaga, 4252 - Rio Tavares, Florianópolis - SC",2492635398,,,https://www.vivareal.com.br/imovel/apartamento-2-quartos-rio-tavares-bairros-florianopolis-com-garagem-60m2-aluguel-RS1600-id-2492635398/?__vt=lgpd:b,60,2,1,Vivareal,"  Apartamento com 2 Quartos para Alugar, 60 m² por R$ 1.600/Mês  "
   R$ 3.500, R$ 750 ,"Rua Hermann Blumenau, 111 - Centro, Florianópolis - SC",2489660720,, R$ 200 ,https://www.vivareal.com.br/imovel/apartamento-3-quartos-centro-bairros-florianopolis-com-garagem-80m2-aluguel-RS3500-id-2489660720/?__vt=lgpd:b,80,3,2,Vivareal,"  Apartamento com 3 Quartos para Alugar, 80 m² por R$ 3.500/Mês  "
   R$ 1.300, R$ 422 ,"Rua Desembargador Pedro Silva, 2202 - Coqueiros, Florianópolis - SC",2492117178,, R$ 600 ,https://www.vivareal.com.br/imovel/apartamento-2-quartos-coqueiros-bairros-florianopolis-com-garagem-46m2-aluguel-RS1300-id-2492117178/?__vt=lgpd:b,46,2,1,Vivareal,"  Apartamento com 2 Quartos para Alugar, 46 m² por R$ 1.300/Mês  "
   R$ 1.900, R$ 220 ,"Rua dos Cambuatas, 206 - Jurerê, Florianópolis - SC",2491392198,, R$ 860 ,https://www.vivareal.com.br/imovel/apartamento-2-quartos-jurere-bairros-florianopolis-com-garagem-66m2-aluguel-RS1900-id-2491392198/?__vt=lgpd:b,66,2,1,Vivareal,"  Apartamento com 2 Quartos para Alugar, 66 m² por R$ 1.900/Mês  "
   R$ 7.500, R$ 110 ,"Rua Professor Clóvis Menel Calliari, 226 - Joao Paulo, Florianópolis - SC",2477731597,, R$ 220 ,https://www.vivareal.com.br/imovel/casa-4-quartos-joao-paulo-bairros-florianopolis-com-garagem-309m2-aluguel-RS7500-id-2477731597/?__vt=lgpd:b,309,4,2,Vivareal,"  Casa com 4 Quartos para Alugar, 309 m² por R$ 7.500/Mês  "
   R$ 749.000   , Não informado ,"Rua Desembargador Arno Hoeschl, 290 - Centro, Florianópolis - SC",2492285999,,,https://www.vivareal.com.br/imovel/apartamento-1-quartos-centro-bairros-florianopolis-com-garagem-56m2-venda-RS749000-id-2492285999/?__vt=lgpd:b,56,1,1,Vivareal,"  Apartamento com 1 Quarto à Venda, 56 m² por R$ 749.000  "
   R$ 3.500, R$ 950 ,"Estrada Vereador Onildo Lemos, 2345 - Ingleses Norte, Florianópolis - SC",2495351184,, R$ 2.000 ,https://www.vivareal.com.br/imovel/apartamento-2-quartos-ingleses-norte-bairros-florianopolis-com-garagem-102m2-aluguel-RS3500-id-2495351184/?__vt=lgpd:b,102,2,1,Vivareal,"  Apartamento com 2 Quartos para Alugar, 102 m² por R$ 3.500/Mês  "
   R$ 6.500, R$ 1.700 ,"Rua Jornalista Narbal Villela, 56 - Joao Paulo, Florianópolis - SC",2493039592,, R$ 3.200 ,https://www.vivareal.com.br/imovel/apartamento-4-quartos-joao-paulo-bairros-florianopolis-com-garagem-188m2-aluguel-RS6500-id-2493039592/?__vt=lgpd:b,188,4,3,Vivareal,"  Apartamento com 4 Quartos para Alugar, 188 m² por R$ 6.500/Mês  "
   R$ 6.000,,"Servidão Jucélia Martins Leal, 386 - Canto da Lagoa, Florianópolis - SC",2495299656,, R$ 1.000 ,https://www.vivareal.com.br/imovel/casa-3-quartos-canto-da-lagoa-bairros-florianopolis-com-garagem-250m2-aluguel-RS6000-id-2495299656/?__vt=lgpd:b,250,3,2,Vivareal,"  Casa com 3 Quartos para Alugar, 250 m² por R$ 6.000/Mês  "
   R$ 1.850, R$ 557 ,"Rua Santa Rita de Cássia - Coloninha, Florianópolis - SC",2493246822,, R$ 102 ,https://www.vivareal.com.br/imovel/apartamento-3-quartos-coloninha-bairros-florianopolis-com-garagem-109m2-aluguel-RS1850-id-2493246822/?__vt=lgpd:b,109,3,1,Vivareal,"  Apartamento com 3 Quartos para Alugar, 109 m² por R$ 1.850/Mês  "
   R$ 3.000, R$ 450 ,"Rua Irmão Joaquim, 226 - Centro, Florianópolis - SC",2490665675,, R$ 2.000 ,https://www.vivareal.com.br/imovel/apartamento-1-quartos-centro-bairros-florianopolis-com-garagem-47m2-aluguel-RS3000-id-2490665675/?__vt=lgpd:b,47,1,1,Vivareal,"  Apartamento com 1 Quarto para Alugar, 47 m² por R$ 3.000/Mês  "
   R$ 2.700, R$ 800 ,"Rua dos Chernes, 525 - Jurerê, Florianópolis - SC",2494472751,,,https://www.vivareal.com.br/imovel/apartamento-3-quartos-jurere-bairros-florianopolis-com-garagem-109m2-aluguel-RS2700-id-2494472751/?__vt=lgpd:b,109,3,2,Vivareal,"  Apartamento com 3 Quartos para Alugar, 109 m² por R$ 2.700/Mês  "
   R$ 2.000, R$ 400 ,"Rodovia Francisco Thomaz dos Santos, 6413 - Armação do Pântano do Sul, Florianópolis - SC",2495665414,, R$ 140 ,https://www.vivareal.com.br/imovel/casa-de-condominio-3-quartos-armacao-do-pantano-do-sul-bairros-florianopolis-com-garagem-90m2-aluguel-RS2000-id-2495665414/?__vt=lgpd:b,90,3,2,Vivareal,"  Casa de Condomínio com 3 Quartos para Alugar, 90 m² por R$ 2.000/Mês  "
   R$ 230.000   , Não informado ,"Rua do Trinta - Réis, 60 - Ingleses do Rio Vermelho, Florianópolis - SC",2495495600,,,https://www.vivareal.com.br/imovel/kitnet-ingleses-do-rio-vermelho-bairros-florianopolis-35m2-venda-RS230000-id-2495495600/?__vt=lgpd:b,35,,,Vivareal,"  Kitnet à Venda, 35 m² por R$ 230.000  "
   R$ 87.000,,"Rodovia Jornalista Manoel de Menezes, 3293 - Barra da Lagoa, Florianópolis - SC",2492305665,, R$ 5.227 ,https://www.vivareal.com.br/imovel/imovel-comercial-barra-da-lagoa-bairros-florianopolis-1500m2-aluguel-RS87000-id-2492305665/?__vt=lgpd:b,1500,,,Vivareal,"  Imóvel Comercial para Alugar, 1500 m² por R$ 87.000/Mês  "
   R$ 1.600, R$ 490 ,"Rua Deputado Antônio Edu Vieira, 1798 - Pantanal, Florianópolis - SC",2492988679,, R$ 85 ,https://www.vivareal.com.br/imovel/apartamento-1-quartos-pantanal-bairros-florianopolis-com-garagem-46m2-aluguel-RS1600-id-2492988679/?__vt=lgpd:b,46,1,1,Vivareal,"  Apartamento com 1 Quarto para Alugar, 46 m² por R$ 1.600/Mês  "
   R$ 1.800, R$ 400 ,"Rua do Marisco, 585 - Ingleses do Rio Vermelho, Florianópolis - SC",2493534326,, R$ 100 ,https://www.vivareal.com.br/imovel/apartamento-2-quartos-ingleses-do-rio-vermelho-bairros-florianopolis-com-garagem-70m2-aluguel-RS1800-id-2493534326/?__vt=lgpd:b,70,2,1,Vivareal,"  Apartamento com 2 Quartos para Alugar, 70 m² por R$ 1.800/Mês  "
   R$ 900, R$ 400 ,"Rua Fúlvio Aducci, 1360 - Estreito, Florianópolis - SC",2494595680,, R$ 100 ,https://www.vivareal.com.br/imovel/sala-comercial-estreito-bairros-florianopolis-38m2-aluguel-RS900-id-2494595680/?__vt=lgpd:b,38,,,Vivareal,"  Sala Comercial para Alugar, 38 m² por R$ 900/Mês  "
   R$ 1.900, R$ 360 ,"Rodovia Amaro Antônio Vieira, 1820 - Itacorubi, Florianópolis - SC",2484064122,,,https://www.vivareal.com.br/imovel/apartamento-1-quartos-itacorubi-bairros-florianopolis-com-garagem-49m2-aluguel-RS1900-id-2484064122/?__vt=lgpd:b,49,1,1,Vivareal,"  Apartamento com 1 Quarto para Alugar, 49 m² por R$ 1.900/Mês  "
   R$ 4.000,,"Rua Joe Collaço, 744 - Santa Mônica, Florianópolis - SC",2494071225,, R$ 150 ,https://www.vivareal.com.br/imovel/casa-2-quartos-santa-monica-bairros-florianopolis-83m2-aluguel-RS4000-id-2494071225/?__vt=lgpd:b,83,2,,Vivareal,"  Casa com 2 Quartos para Alugar, 83 m² por R$ 4.000/Mês  "
   R$ 3.100, R$ 613 ,"Rodovia Admar Gonzaga, 725 - Itacorubi, Florianópolis - SC",2487213764,, R$ 675 ,https://www.vivareal.com.br/imovel/apartamento-3-quartos-itacorubi-bairros-florianopolis-com-garagem-92m2-aluguel-RS3100-id-2487213764/?__vt=lgpd:b,92,3,2,Vivareal,"  Apartamento com 3 Quartos para Alugar, 92 m² por R$ 3.100/Mês  "
   R$ 1.300, R$ 350 ,"Rodovia Admar Gonzaga, 1623 - Itacorubi, Florianópolis - SC",2492333603,,,https://www.vivareal.com.br/imovel/apartamento-3-quartos-itacorubi-bairros-florianopolis-com-garagem-59m2-aluguel-RS1300-id-2492333603/?__vt=lgpd:b,59,3,1,Vivareal,"  Apartamento com 3 Quartos para Alugar, 59 m² por R$ 1.300/Mês  "
   R$ 2.100, R$ 400 ,"Rua Professor Milton Roque Ramos Krieger, 178 - Trindade, Florianópolis - SC",2485646087,, R$ 110 ,https://www.vivareal.com.br/imovel/apartamento-2-quartos-trindade-bairros-florianopolis-com-garagem-75m2-aluguel-RS2100-id-2485646087/?__vt=lgpd:b,75,2,1,Vivareal,"  Apartamento com 2 Quartos para Alugar, 75 m² por R$ 2.100/Mês  "
   R$ 2.300, R$ 620 ,"Rua Deputado Antônio Edu Vieira, 200 - Pantanal, Florianópolis - SC",2488674278,, R$ 179 ,https://www.vivareal.com.br/imovel/apartamento-2-quartos-pantanal-bairros-florianopolis-com-garagem-70m2-aluguel-RS2300-id-2488674278/?__vt=lgpd:b,70,2,2,Vivareal,"  Apartamento com 2 Quartos para Alugar, 70 m² por R$ 2.300/Mês  "
   R$ 1.500, R$ 300 ,"Rua Maria Eduarda, 33 - Pantanal, Florianópolis - SC",2486586277,, R$ 200 ,https://www.vivareal.com.br/imovel/apartamento-1-quartos-pantanal-bairros-florianopolis-35m2-aluguel-RS1500-id-2486586277/?__vt=lgpd:b,35,1,,Vivareal,"  Apartamento com 1 Quarto para Alugar, 35 m² por R$ 1.500/Mês  "
   R$ 1.600, R$ 420 ,"Rua Lauro Linhares - Trindade, Florianópolis - SC",2493248201,, R$ 122 ,https://www.vivareal.com.br/imovel/apartamento-1-quartos-trindade-bairros-florianopolis-com-garagem-39m2-aluguel-RS1600-id-2493248201/?__vt=lgpd:b,39,1,1,Vivareal,"  Apartamento com 1 Quarto para Alugar, 39 m² por R$ 1.600/Mês  "
   R$ 1.600, R$ 420 ,"Rua Lauro Linhares - Trindade, Florianópolis - SC",2493248201,, R$ 122 ,https://www.vivareal.com.br/imovel/apartamento-1-quartos-trindade-bairros-florianopolis-com-garagem-39m2-aluguel-RS1600-id-2493248201/,39,1,1,Vivareal,"  Apartamento com 1 Quarto para Alugar, 39 m² por R$ 1.600/Mês  "
   R$ 1.600, R$ 412 ,"Rua Procópio Manoel Pires - Trindade, Florianópolis - SC",2493249879,, R$ 63 ,https://www.vivareal.com.br/imovel/apartamento-2-quartos-trindade-bairros-florianopolis-com-garagem-63m2-aluguel-RS1600-id-2493249879/?__vt=lgpd:b,63,2,1,Vivareal,"  Apartamento com 2 Quartos para Alugar, 63 m² por R$ 1.600/Mês  "
